Причина,Источник,Проверка,Страницы
Индексирование страницы запрещено тегом noindex,Сайт,Начато,104520
Страница с переадресацией,Сайт,Начато,10100
Не найдено (404),Сайт,Начато,9843
Страница является копией. Канонический вариант не выбран пользователем.,Сайт,Начато,1966
Ложная ошибка 404,Сайт,Начато,148
Ошибка сервера (5xx),Сайт,Начато,11
Ошибка переадресации,Сайт,Начато,1
"Страница просканирована, но пока не проиндексирована",Системы Google,Начато,88223
"Страница является копией. Канонические версии страницы, выбранные Google и пользователем, не совпадают.",Системы Google,Начато,418
Вариант страницы с тегом canonical,Сайт,Подтверждено,690
Заблокировано в файле robots.txt,Сайт,Подтверждено,352
Страница заблокирована из-за ошибки 4xx (ошибка клиента),Сайт,Подтверждено,33
"Обнаружена, не проиндексирована",Системы Google,Подтверждено,35803