Дата,Не проиндексировано,Проиндексированные,Показы
2026-07-06,,,835
2026-07-07,,,1214
2026-07-08,,,973
2026-07-09,,,1200
2026-07-10,75366,120223,883
2026-07-11,86447,141304,781
2026-07-12,86447,141304,1059
2026-07-13,86447,141304,1867
2026-07-14,86447,141304,1659
2026-07-15,86447,141304,1458
2026-07-16,86447,141304,893
2026-07-17,86447,141304,802
2026-07-18,86447,141304,619
2026-07-19,86447,141304,669
2026-07-20,86447,141304,873
2026-07-21,86447,141304,1002
2026-07-22,86447,141304,783
2026-07-23,86447,141304,729
2026-07-24,86447,141304,554
2026-07-25,149103,167615,425
2026-07-26,149103,167615,568
2026-07-27,149103,167615,672
2026-07-28,149103,167615,620
2026-07-29,149103,167615,611
2026-07-30,149103,167615,754
2026-07-31,149103,167615,635
2026-08-01,149103,167615,683
2026-08-02,149103,167615,596
2026-08-03,149103,167615,836
2026-08-04,149103,167615,834
2026-08-05,149103,167615,940
2026-08-06,164133,156864,908
2026-08-07,164133,156864,812
2026-08-08,177367,146666,774
2026-08-09,177367,146666,1087
2026-08-10,177367,146666,1277
2026-08-11,182506,145937,1236
2026-08-12,182506,145937,1074
2026-08-13,182506,145937,1066
2026-08-14,182506,145937,1000
2026-08-15,184234,146605,838
2026-08-16,184234,146605,906
2026-08-17,184234,146605,1233
2026-08-18,190292,163051,1791
2026-08-19,190292,163051,1662
2026-08-20,190292,163051,1065
2026-08-21,190292,163051,962
2026-08-22,210857,155618,741
2026-08-23,210857,155618,763
2026-08-24,210857,155618,978
2026-08-25,210857,155618,977
2026-08-26,210857,155618,917
2026-08-27,210857,155618,932
2026-08-28,210857,155618,720
2026-08-29,222078,148933,558
2026-08-30,222078,148933,649
2026-08-31,222078,148933,827
2026-09-01,222078,148933,983
2026-09-02,222078,148933,927
2026-09-03,222078,148933,814
2026-09-04,222078,148933,663
2026-09-05,239979,137860,586
2026-09-06,239979,137860,651
2026-09-07,239979,137860,786
2026-09-08,239979,137860,803
2026-09-09,239979,137860,822
2026-09-10,239979,137860,694
2026-09-11,239979,137860,612
2026-09-12,239979,137860,603
2026-09-13,239979,137860,663
2026-09-14,239979,137860,709
2026-09-15,245666,132221,652
2026-09-16,245666,132221,598
2026-09-17,245666,132221,492
2026-09-18,245666,132221,401
2026-09-19,252108,126723,326
2026-09-20,252108,126723,418
2026-09-21,252108,126723,500